Workbook

Sheet Guía y rúbrica
A1: VALIDACIÓN EXPERTA SG-SST · MÓDULO 2 | DIAGNÓSTICO DE CUMPLIMIENTO
A4: INSTRUCCIONES PARA EVALUAR
A6: 1. Escribir en las celdas AMARILLAS: resultado observado, evidencia, calificaciones y observaciones.
A7: 2. Calificar el caso con cada criterio: 0, 1, 2, 3 o N/E (no evaluable). El Excel calcula el porcentaje.
A8: 3. Marcar aparte cualquier error normativo crítico.
A9: 4. Al terminar, la hoja "Resumen" mostrará los resultados registrados, sin reemplazar el juicio del experto.
A11: ALCANCE DEL MÓDULO 2: la pantalla inicial indica que el diagnóstico es para riesgo I y proporciona un acceso para consultar la clasificación en el Módulo 1. El formulario solicita nombre ficticio y cantidad de trabajadores; NO se exige seleccionar una clase de riesgo. Se evalúan 3 cuestionarios completos: 1–10, 11–50 y >50 trabajadores.
A14: ESCALA DE VALORACIÓN
A16: 0 | B16: Incorrecto / incumple el criterio
A17: 1 | B17: Deficiencias importantes
A18: 2 | B18: Adecuado, con deficiencias menores
A19: 3 | B19: Correcto y completo
A20: N/E | B20: No evaluable en este caso; se excluye del máximo
A23: RÚBRICA — DESCRIPCIÓN DE CADA NIVEL
A24: Criterio | B24: 0 | Incorrecto | C24: 1 | Deficiencias graves | D24: 2 | Deficiencias menores | E24: 3 | Correcto
A25: Ejecución del cuestionario y perfil | B25: No puede completar el cuestionario o registra incorrectamente el perfil indicado. | C25: Presenta fallos importantes de avance, validación o continuidad. | D25: Completa el cuestionario con deficiencias menores. | E25: Completa todos los pasos del cuestionario y registra correctamente el perfil indicado.
A26: Selección y aplicabilidad de estándares | B26: Selecciona requisitos incompatibles o excluye requisitos obligatorios. | C26: Presenta errores importantes de aplicabilidad. | D26: La selección es correcta salvo omisiones menores. | E26: Selecciona los estándares correspondientes al perfil y trata correctamente los no aplicables.
A27: Interpretación de las respuestas declaradas | B27: Los estados contradicen los datos introducidos. | C27: Existen inconsistencias importantes en los estados asignados. | D27: Los estados son mayoritariamente coherentes, con errores menores. | E27: Los estados se derivan correctamente de las respuestas del caso.
A28: Tratamiento de información insuficiente | B28: Asume estados concluyentes sin datos suficientes. | C28: Maneja incorrectamente varias respuestas incompletas. | D28: Reconoce la insuficiencia con deficiencias menores. | E28: Identifica y comunica correctamente las situaciones de información insuficiente.
A29: Cálculo y valoración normativa | B29: Puntaje o valoración final incorrectos. | C29: Errores importantes en pesos, no aplicabilidad o clasificación. | D29: Cálculo y valoración correctos con deficiencias menores de presentación. | E29: Puntaje, tratamiento de no aplicabilidad y valoración final corresponden a la normativa y a los datos del caso.
A30: Informe final y trazabilidad | B30: El informe es incorrecto, no se genera cuando corresponde o no permite verificar el resultado. | C30: Omite información esencial o contiene errores importantes. | D30: Refleja el diagnóstico con omisiones menores. | E30: Refleja fielmente perfil, requisitos, estados, puntaje, valoración y fundamentos normativos.

Sheet DG-01
A1: DG-01 | Cuestionario de 1 a 10 trabajadores
A3: AZUL = preparado por el equipo | AMARILLO = completa el experto | Puntuación automática
A5: 1 · CASO PREPARADO POR EL EQUIPO
A7: Objetivo del caso | B7: Cuestionario de 1 a 10 trabajadores
A9: Perfil empresarial | B9: Empresa ficticia de riesgo I; 5 trabajadores.
A11: Pasos que realizará el experto | B11: Leer la orientación inicial para riesgo I; seleccionar «Entiendo, comenzar»; registrar un nombre ficticio y 5 trabajadores; contestar el cuestionario completo; revisar matriz, puntaje, valoración e informe PDF.
A16: 2 · REGISTRO DEL EXPERTO
A18: Resultado observado durante y al finalizar la prueba
A21: Evidencia o referencia revisada en el informe PDF
A25: 3 · CALIFICACIÓN DEL CASO (SELECCIONE DE 0 A 3 O N/E)
A26: Criterio | B26: Puntaje | C26: Para saber qué significa cada puntuación, consulte «Guía y rúbrica».
A27: Ejecución del cuestionario y perfil | C27: {=IF(B27="","Esperando Puntación...",_xlfn.IFS(B27=0,'Guía y rúbrica'!B25,B27=1,'Guía y rúbrica'!C25,B27=2,'Guía y rúbrica'!D25,B27=3,'Guía y rúbrica'!E25,B27="N/E","No evaluable"))} -> Esperando Puntación...
A28: Selección y aplicabilidad de estándares | C28: {=IF(B28="","Esperando Puntación...",_xlfn.IFS(B28=0,'Guía y rúbrica'!B26,B28=1,'Guía y rúbrica'!C26,B28=2,'Guía y rúbrica'!D26,B28=3,'Guía y rúbrica'!E26,B28="N/E","No evaluable"))} -> Esperando Puntación...
A29: Interpretación de las respuestas declaradas | C29: {=IF(B29="","Esperando Puntación...",_xlfn.IFS(B29=0,'Guía y rúbrica'!B27,B29=1,'Guía y rúbrica'!C27,B29=2,'Guía y rúbrica'!D27,B29=3,'Guía y rúbrica'!E27,B29="N/E","No evaluable"))} -> Esperando Puntación...
A30: Tratamiento de información insuficiente | C30: {=IF(B30="","Esperando Puntación...",_xlfn.IFS(B30=0,'Guía y rúbrica'!B28,B30=1,'Guía y rúbrica'!C28,B30=2,'Guía y rúbrica'!D28,B30=3,'Guía y rúbrica'!E28,B30="N/E","No evaluable"))} -> Esperando Puntación...
A31: Cálculo y valoración normativa | C31: {=IF(B31="","Esperando Puntación...",_xlfn.IFS(B31=0,'Guía y rúbrica'!B29,B31=1,'Guía y rúbrica'!C29,B31=2,'Guía y rúbrica'!D29,B31=3,'Guía y rúbrica'!E29,B31="N/E","No evaluable"))} -> Esperando Puntación...
A32: Informe final y trazabilidad | C32: {=IF(B32="","Esperando Puntación...",_xlfn.IFS(B32=0,'Guía y rúbrica'!B30,B32=1,'Guía y rúbrica'!C30,B32=2,'Guía y rúbrica'!D30,B32=3,'Guía y rúbrica'!E30,B32="N/E","No evaluable"))} -> Esperando Puntación...
A34: Puntos obtenidos | B34: =IF(COUNT(B27:B32)=0,"",SUM(B27:B32)) | C34: El porcentaje se calcula solo con criterios valorados (0–3). N/E queda excluido. Un puntaje alto no elimina un fallo normativo grave.
A35: Máximo aplicable | B35: =IF(COUNT(B27:B32)=0,"",3*COUNT(B27:B32))
A36: Porcentaje del caso | B36: =IF(OR(B35="",B35=0),"",B34/B35)
A38: Resultado del caso
A40: ¿Error normativo crítico?
A42: Observaciones / recomendaciones

Sheet DG-02
A1: DG-02 | Cuestionario de 11 a 50 trabajadores
A3: AZUL = preparado por el equipo | AMARILLO = completa el experto | Puntuación automática
A5: 1 · CASO PREPARADO POR EL EQUIPO
A7: Objetivo del caso | B7: Cuestionario de 11 a 50 trabajadores
A9: Perfil empresarial | B9: Empresa ficticia de riesgo I; 25 trabajadores.
A11: Pasos que realizará el experto | B11: Leer la orientación inicial; iniciar diagnóstico; registrar un nombre ficticio y 25 trabajadores; contestar el cuestionario completo; revisar matriz, puntaje, valoración e informe PDF.
A16: 2 · REGISTRO DEL EXPERTO
A18: Resultado observado durante y al finalizar la prueba
A21: Evidencia o referencia revisada en el informe PDF
A25: 3 · CALIFICACIÓN DEL CASO (SELECCIONE DE 0 A 3 O N/E)
A26: Criterio | B26: Puntaje | C26: Para saber qué significa cada puntuación, consulte «Guía y rúbrica».
A27: Ejecución del cuestionario y perfil | C27: {=IF(B27="","Esperando Puntación...",_xlfn.IFS(B27=0,'Guía y rúbrica'!B25,B27=1,'Guía y rúbrica'!C25,B27=2,'Guía y rúbrica'!D25,B27=3,'Guía y rúbrica'!E25,B27="N/E","No evaluable"))} -> Esperando Puntación...
A28: Selección y aplicabilidad de estándares | C28: {=IF(B28="","Esperando Puntación...",_xlfn.IFS(B28=0,'Guía y rúbrica'!B26,B28=1,'Guía y rúbrica'!C26,B28=2,'Guía y rúbrica'!D26,B28=3,'Guía y rúbrica'!E26,B28="N/E","No evaluable"))} -> Esperando Puntación...
A29: Interpretación de las respuestas declaradas | C29: {=IF(B29="","Esperando Puntación...",_xlfn.IFS(B29=0,'Guía y rúbrica'!B27,B29=1,'Guía y rúbrica'!C27,B29=2,'Guía y rúbrica'!D27,B29=3,'Guía y rúbrica'!E27,B29="N/E","No evaluable"))} -> Esperando Puntación...
A30: Tratamiento de información insuficiente | C30: {=IF(B30="","Esperando Puntación...",_xlfn.IFS(B30=0,'Guía y rúbrica'!B28,B30=1,'Guía y rúbrica'!C28,B30=2,'Guía y rúbrica'!D28,B30=3,'Guía y rúbrica'!E28,B30="N/E","No evaluable"))} -> Esperando Puntación...
A31: Cálculo y valoración normativa | C31: {=IF(B31="","Esperando Puntación...",_xlfn.IFS(B31=0,'Guía y rúbrica'!B29,B31=1,'Guía y rúbrica'!C29,B31=2,'Guía y rúbrica'!D29,B31=3,'Guía y rúbrica'!E29,B31="N/E","No evaluable"))} -> Esperando Puntación...
A32: Informe final y trazabilidad | C32: {=IF(B32="","Esperando Puntación...",_xlfn.IFS(B32=0,'Guía y rúbrica'!B30,B32=1,'Guía y rúbrica'!C30,B32=2,'Guía y rúbrica'!D30,B32=3,'Guía y rúbrica'!E30,B32="N/E","No evaluable"))} -> Esperando Puntación...
A34: Puntos obtenidos | B34: =IF(COUNT(B27:B32)=0,"",SUM(B27:B32)) | C34: El porcentaje se calcula solo con criterios valorados (0–3). N/E queda excluido. Un puntaje alto no elimina un fallo normativo grave.
A35: Máximo aplicable | B35: =IF(COUNT(B27:B32)=0,"",3*COUNT(B27:B32))
A36: Porcentaje del caso | B36: =IF(OR(B35="",B35=0),"",B34/B35)
A38: Resultado del caso
A40: ¿Error normativo crítico?
A42: Observaciones / recomendaciones

Sheet DG-03
A1: DG-03 | Cuestionario de más de 50 trabajadores
A3: AZUL = preparado por el equipo | AMARILLO = completa el experto | Puntuación automática
A5: 1 · CASO PREPARADO POR EL EQUIPO
A7: Objetivo del caso | B7: Cuestionario de más de 50 trabajadores
A9: Perfil empresarial | B9: Empresa ficticia de riesgo I; 60 trabajadores.
A11: Pasos que realizará el experto | B11: Leer la orientación inicial; iniciar diagnóstico; registrar un nombre ficticio y 60 trabajadores; contestar el cuestionario completo; revisar matriz, puntaje, valoración e informe PDF.
A16: 2 · REGISTRO DEL EXPERTO
A18: Resultado observado durante y al finalizar la prueba
A21: Evidencia o referencia revisada en el informe PDF
A25: 3 · CALIFICACIÓN DEL CASO (SELECCIONE DE 0 A 3 O N/E)
A26: Criterio | B26: Puntaje | C26: Para saber qué significa cada puntuación, consulte «Guía y rúbrica».
A27: Ejecución del cuestionario y perfil | C27: {=IF(B27="","Esperando Puntación...",_xlfn.IFS(B27=0,'Guía y rúbrica'!B25,B27=1,'Guía y rúbrica'!C25,B27=2,'Guía y rúbrica'!D25,B27=3,'Guía y rúbrica'!E25,B27="N/E","No evaluable"))} -> Esperando Puntación...
A28: Selección y aplicabilidad de estándares | C28: {=IF(B28="","Esperando Puntación...",_xlfn.IFS(B28=0,'Guía y rúbrica'!B26,B28=1,'Guía y rúbrica'!C26,B28=2,'Guía y rúbrica'!D26,B28=3,'Guía y rúbrica'!E26,B28="N/E","No evaluable"))} -> Esperando Puntación...
A29: Interpretación de las respuestas declaradas | C29: {=IF(B29="","Esperando Puntación...",_xlfn.IFS(B29=0,'Guía y rúbrica'!B27,B29=1,'Guía y rúbrica'!C27,B29=2,'Guía y rúbrica'!D27,B29=3,'Guía y rúbrica'!E27,B29="N/E","No evaluable"))} -> Esperando Puntación...
A30: Tratamiento de información insuficiente | C30: {=IF(B30="","Esperando Puntación...",_xlfn.IFS(B30=0,'Guía y rúbrica'!B28,B30=1,'Guía y rúbrica'!C28,B30=2,'Guía y rúbrica'!D28,B30=3,'Guía y rúbrica'!E28,B30="N/E","No evaluable"))} -> Esperando Puntación...
A31: Cálculo y valoración normativa | C31: {=IF(B31="","Esperando Puntación...",_xlfn.IFS(B31=0,'Guía y rúbrica'!B29,B31=1,'Guía y rúbrica'!C29,B31=2,'Guía y rúbrica'!D29,B31=3,'Guía y rúbrica'!E29,B31="N/E","No evaluable"))} -> Esperando Puntación...
A32: Informe final y trazabilidad | C32: {=IF(B32="","Esperando Puntación...",_xlfn.IFS(B32=0,'Guía y rúbrica'!B30,B32=1,'Guía y rúbrica'!C30,B32=2,'Guía y rúbrica'!D30,B32=3,'Guía y rúbrica'!E30,B32="N/E","No evaluable"))} -> Esperando Puntación...
A34: Puntos obtenidos | B34: =IF(COUNT(B27:B32)=0,"",SUM(B27:B32)) | C34: El porcentaje se calcula solo con criterios valorados (0–3). N/E queda excluido. Un puntaje alto no elimina un fallo normativo grave.
A35: Máximo aplicable | B35: =IF(COUNT(B27:B32)=0,"",3*COUNT(B27:B32))
A36: Porcentaje del caso | B36: =IF(OR(B35="",B35=0),"",B34/B35)
A38: Resultado del caso
A40: ¿Error normativo crítico?
A42: Observaciones / recomendaciones

Sheet Resumen
A1: RESUMEN DE VALIDACIÓN · MÓDULO 2 | DIAGNÓSTICO DE CUMPLIMIENTO
A4: Lectura automática de las hojas de caso. Los campos vacíos significan que el experto aún no ha calificado.
A6: Caso | B6: Escenario | C6: Obtenido | D6: Máximo | E6: Porcentaje | F6: Resultado del caso | G6: Error crítico
A7: DG-01 | B7: Cuestionario de 1 a 10 trabajadores | C7: =IF('DG-01'!B34="","",'DG-01'!B34) | D7: =IF('DG-01'!B35="","",'DG-01'!B35) | E7: =IF('DG-01'!B36="","",'DG-01'!B36) | F7: =IF('DG-01'!B38="","",'DG-01'!B38) | G7: =IF('DG-01'!B40="","",'DG-01'!B40)
A8: DG-02 | B8: Cuestionario de 11 a 50 trabajadores | C8: =IF('DG-02'!B34="","",'DG-02'!B34) | D8: =IF('DG-02'!B35="","",'DG-02'!B35) | E8: =IF('DG-02'!B36="","",'DG-02'!B36) | F8: =IF('DG-02'!B38="","",'DG-02'!B38) | G8: =IF('DG-02'!B40="","",'DG-02'!B40)
A9: DG-03 | B9: Cuestionario de más de 50 trabajadores | C9: =IF('DG-03'!B34="","",'DG-03'!B34) | D9: =IF('DG-03'!B35="","",'DG-03'!B35) | E9: =IF('DG-03'!B36="","",'DG-03'!B36) | F9: =IF('DG-03'!B38="","",'DG-03'!B38) | G9: =IF('DG-03'!B40="","",'DG-03'!B40)
