Workbook

Sheet Guía y rúbrica
A1: VALIDACIÓN EXPERTA SG-SST · MÓDULO 1 | CONSULTA NORMATIVA
A4: INSTRUCCIONES PARA EVALUAR
A6: 1. Abrir cada hoja de caso y responder usando el prototipo web. El escenario y los datos están preparados por el equipo.
A7: 2. Escribir en las celdas AMARILLAS: resultado observado, evidencia, calificaciones y observaciones.
A8: 3. Calificar el Caso con cada criterio: 0, 1, 2, 3 o N/E (no evaluable). El Excel calcula el porcentaje.
A9: 4. Marcar aparte cualquier error normativo crítico: un puntaje alto no equivale a validez normativa.
A10: 5. Al terminar, la hoja "Resumen" mostrará los resultados registrados, sin reemplazar el juicio del experto.
A12: ALCANCE DEL MÓDULO 1: el experto realizará consultas normativas y revisará la pertinencia de las respuestas, sus fundamentos y el comportamiento ante seguimiento o falta de información.
A15: ESCALA DE VALORACIÓN
A17: 0 | B17: Incorrecto / incumple el criterio
A18: 1 | B18: Deficiencias importantes
A19: 2 | B19: Adecuado, con deficiencias menores
A20: 3 | B20: Correcto y completo
A21: N/E | B21: No evaluable en este caso; se excluye del máximo
A24: RÚBRICA — DESCRIPCIÓN DE CADA NIVEL
A25: Criterio | B25: Incorrecto | 0 | C25: Deficiencias graves | 1 | D25: Deficiencias menores | 2 | E25: Correcto | 3
A26: Resolución del escenario | B26: No resuelve el objetivo del caso. | C26: Resuelve solo una parte menor o falla en pasos esenciales. | D26: Resuelve el objetivo con omisiones menores. | E26: Resuelve todos los pasos y el objetivo esperado del caso.
A27: Exactitud normativa | B27: El resultado del caso contradice la normativa. | C27: Contiene errores normativos importantes. | D27: Es esencialmente correcto, con imprecisiones menores. | E27: Las conclusiones del caso son normativamente correctas.
A28: Pertinencia y aplicabilidad | B28: Aplica requisitos ajenos al escenario. | C28: Omite requisitos esenciales o interpreta mal el perfil. | D28: Aplica correctamente los requisitos principales, con omisiones menores. | E28: Aplica correctamente la normativa al perfil y las condiciones del caso.
A29: Sustento y trazabilidad | B29: No existe sustento verificable para las conclusiones. | C29: El sustento es insuficiente o contiene referencias erróneas importantes. | D29: La mayoría de las conclusiones tiene soporte adecuado. | E29: Las conclusiones relevantes se sustentan en referencias pertinentes y verificables.
A30: Continuidad y coherencia del flujo | B30: Pierde información esencial o se contradice entre pasos. | C30: Presenta inconsistencias importantes durante el caso. | D30: Mantiene el flujo con inconsistencias menores. | E30: Conserva correctamente los datos y responde coherentemente a lo largo del caso.
A31: Manejo de incertidumbre y límites | B31: Inventa conclusiones ante información insuficiente o fuera de alcance. | C31: Reconoce parcialmente los límites, pero emite conclusiones injustificadas. | D31: Maneja la incertidumbre con deficiencias menores. | E31: Solicita aclaraciones o limita la respuesta correctamente cuando corresponde.

Sheet CN-01
A1: CN-01 — Consulta normativa contextualizada: COPASST
A3: AZUL = preparado por el equipo | AMARILLO = completa el experto | Puntuación automática
A5: 1 · CASO DE ESTUDIO
A7: Objetivo del caso | B7: Comprobar que el agente responde consultas normativas considerando las características de una empresa y los requisitos legales aplicables.
A8: Contexto del caso | B8: El representante de una empresa de servicios administrativos desea conocer sus obligaciones relacionadas con la conformación y funcionamiento del Comité Paritario de Seguridad y Salud en el Trabajo (COPASST). Desconoce si su empresa está obligada a conformarlo, cómo se eligen sus integrantes y qué responsabilidades tiene el empleador.
A9: Perfil empresarial | B9: Empresa ficticia clasificada en riesgo I. Actividad económica: servicios administrativos. Número de trabajadores: 12
A12: Preguntas del EXPERTO dirigidas al sistema | B12: ¿Mi empresa debe conformar un COPASST? | C12: ¿Cuántos representantes debe tener? | D12: ¿Cada cuánto se renuevan sus integrantes? | E12: ¿Cuánto tiempo debe destinar la empresa al funcionamiento del comité?
A16: 2 · REGISTRO DEL EXPERTO
A18: Evaluación de las respuestas del agente
A21: Evidencia o referencia revisada
A25: 3 · CALIFICACIÓN DEL CASO (SELECCIONE DE 0 A 3 O N/E)
A26: Criterio | B26: Puntaje | C26: Para saber qué significa cada puntuación, consulte la “Guía y rúbrica” o elija un puntaje para ver su descripción
A27: Resolución del escenario | C27: {=IF(B27="","Esperando Puntación...",_xlfn.IFS(B27=0,'Guía y rúbrica'!B26,B27=1,'Guía y rúbrica'!C26,B27=2,'Guía y rúbrica'!D26,B27=3,'Guía y rúbrica'!E26,B27="N/E","No evaluable"))} -> Esperando Puntación...
A28: Exactitud normativa | C28: {=IF(B28="","Esperando Puntación...",_xlfn.IFS(B28=0,'Guía y rúbrica'!B27,B28=1,'Guía y rúbrica'!C27,B28=2,'Guía y rúbrica'!D27,B28=3,'Guía y rúbrica'!E27,B28="N/E","No evaluable"))} -> Esperando Puntación...
A29: Pertinencia y aplicabilidad | C29: {=IF(B29="","Esperando Puntación...",_xlfn.IFS(B29=0,'Guía y rúbrica'!B28,B29=1,'Guía y rúbrica'!C28,B29=2,'Guía y rúbrica'!D28,B29=3,'Guía y rúbrica'!E28,B29="N/E","No evaluable"))} -> Esperando Puntación...
A30: Sustento y trazabilidad | C30: {=IF(B30="","Esperando Puntación...",_xlfn.IFS(B30=0,'Guía y rúbrica'!B29,B30=1,'Guía y rúbrica'!C29,B30=2,'Guía y rúbrica'!D29,B30=3,'Guía y rúbrica'!E29,B30="N/E","No evaluable"))} -> Esperando Puntación...
A31: Continuidad y coherencia del flujo | C31: {=IF(B31="","Esperando Puntación...",_xlfn.IFS(B31=0,'Guía y rúbrica'!B30,B31=1,'Guía y rúbrica'!C30,B31=2,'Guía y rúbrica'!D30,B31=3,'Guía y rúbrica'!E30,B31="N/E","No evaluable"))} -> Esperando Puntación...
A32: Manejo de incertidumbre y límites | C32: {=IF(B32="","Esperando Puntación...",_xlfn.IFS(B32=0,'Guía y rúbrica'!B31,B32=1,'Guía y rúbrica'!C31,B32=2,'Guía y rúbrica'!D31,B32=3,'Guía y rúbrica'!E31,B32="N/E","No evaluable"))} -> Esperando Puntación...
A34: Puntos obtenidos | B34: =IF(COUNT(B27:B32)=0,"",SUM(B27:B32)) | C34: El porcentaje se calcula solo con criterios valorados (0–3). N/E queda excluido. Un puntaje alto no elimina un fallo normativo grave.
A35: Máximo aplicable | B35: =IF(COUNT(B27:B32)=0,"",3*COUNT(B27:B32))
A36: Porcentaje del caso | B36: =IF(OR(B35="",B35=0),"",B34/B35)
A38: Resultado del caso
A40: ¿Error normativo crítico?
A42: Observaciones / recomendaciones

Sheet CN-02
A1: CN-02 — Consulta con seguimiento: accidente de trabajo
A3: AZUL = preparado por el equipo | AMARILLO = completa el experto | Puntuación automática
A5: 1 · CASO DE ESTUDIO
A7: Objetivo del caso | B7: comprobar que el agente mantiene el contexto de una conversación y proporciona respuestas coherentes durante varias consultas relacionadas.
A8: Contexto del caso | B8: El administrador de una empresa de servicios contables informa que uno de sus trabajadores sufrió un accidente durante su jornada laboral. Desconoce el procedimiento de reporte, las responsabilidades que tiene la empresa y las prestaciones a las que podría tener derecho el trabajador. Decide utilizar el sistema para recibir orientación, realizando varias preguntas consecutivas sobre el mismo accidente.
A9: Perfil empresarial | B9: Empresa ficticia clasificada en riesgo I. Actividad económica: Servicios contables. Número de trabajadores: 8
A12: Preguntas del EXPERTO dirigidas al sistema | B12: Un trabajador sufrió un accidente en la oficina. ¿Qué debo hacer? | C12: ¿Ante quién debo reportarlo? | D12: ¿La empresa debe investigar ese accidente? | E12: ¿Qué prestaciones puede recibir el trabajador?
A16: 2 · REGISTRO DEL EXPERTO
A18: Evaluación de las respuestas del agente
A21: Evidencia o referencia revisada
A25: 3 · CALIFICACIÓN DEL CASO (SELECCIONE DE 0 A 3 O N/E)
A26: Criterio | B26: Puntaje | C26: Para saber qué significa cada puntuación, consulte «Guía y rúbrica».
A27: Resolución del escenario | C27: {=IF(B27="","Esperando Puntación...",_xlfn.IFS(B27=0,'Guía y rúbrica'!B26,B27=1,'Guía y rúbrica'!C26,B27=2,'Guía y rúbrica'!D26,B27=3,'Guía y rúbrica'!E26,B27="N/E","No evaluable"))} -> Esperando Puntación...
A28: Exactitud normativa | C28: {=IF(B28="","Esperando Puntación...",_xlfn.IFS(B28=0,'Guía y rúbrica'!B27,B28=1,'Guía y rúbrica'!C27,B28=2,'Guía y rúbrica'!D27,B28=3,'Guía y rúbrica'!E27,B28="N/E","No evaluable"))} -> Esperando Puntación...
A29: Pertinencia y aplicabilidad | C29: {=IF(B29="","Esperando Puntación...",_xlfn.IFS(B29=0,'Guía y rúbrica'!B28,B29=1,'Guía y rúbrica'!C28,B29=2,'Guía y rúbrica'!D28,B29=3,'Guía y rúbrica'!E28,B29="N/E","No evaluable"))} -> Esperando Puntación...
A30: Sustento y trazabilidad | C30: {=IF(B30="","Esperando Puntación...",_xlfn.IFS(B30=0,'Guía y rúbrica'!B29,B30=1,'Guía y rúbrica'!C29,B30=2,'Guía y rúbrica'!D29,B30=3,'Guía y rúbrica'!E29,B30="N/E","No evaluable"))} -> Esperando Puntación...
A31: Continuidad y coherencia del flujo | C31: {=IF(B31="","Esperando Puntación...",_xlfn.IFS(B31=0,'Guía y rúbrica'!B30,B31=1,'Guía y rúbrica'!C30,B31=2,'Guía y rúbrica'!D30,B31=3,'Guía y rúbrica'!E30,B31="N/E","No evaluable"))} -> Esperando Puntación...
A32: Manejo de incertidumbre y límites | C32: {=IF(B32="","Esperando Puntación...",_xlfn.IFS(B32=0,'Guía y rúbrica'!B31,B32=1,'Guía y rúbrica'!C31,B32=2,'Guía y rúbrica'!D31,B32=3,'Guía y rúbrica'!E31,B32="N/E","No evaluable"))} -> Esperando Puntación...
A34: Puntos obtenidos | B34: =IF(COUNT(B27:B32)=0,"",SUM(B27:B32)) | C34: El porcentaje se calcula solo con criterios valorados (0–3). N/E queda excluido. Un puntaje alto no elimina un fallo normativo grave.
A35: Máximo aplicable | B35: =IF(COUNT(B27:B32)=0,"",3*COUNT(B27:B32))
A36: Porcentaje del caso | B36: =IF(OR(B35="",B35=0),"",B34/B35)
A38: Resultado del caso
A40: ¿Error normativo crítico?
A42: Observaciones / recomendaciones

Sheet CN-03
A1: CN-03 — Consulta con información incompleta: estándares mínimos
A3: AZUL = preparado por el equipo | AMARILLO = completa el experto | Puntuación automática
A5: 1 · CASO DE ESTUDIO
A7: Objetivo del caso | B7: Comprobar que el agente identifica información faltante y evita establecer conclusiones normativas específicas sin conocer los datos necesarios.
A8: Contexto del caso | B8: El representante de una empresa de servicios de asesoría empresarial desea conocer los estándares mínimos del SG-SST que debe cumplir. Inicialmente consulta al agente sin indicar la cantidad de trabajadores de la empresa. Durante la interacción, podrá proporcionar esa información si el sistema la solicita o si resulta necesario para continuar.
A9: Perfil empresarial | B9: Empresa ficticia clasificada en riesgo I. Actividad económica: Servicios de asesoría empresarial. Número de trabajadores: 8
A12: Preguntas del EXPERTO dirigidas al sistema | B12: Mi empresa es de riesgo I. ¿Qué estándares mínimos del SG-SST debo cumplir? | C12: Si el agente solicita el número de trabajadores, responder que tiene ocho. | D12: ¿Cuáles son entonces mis principales obligaciones?
A16: 2 · REGISTRO DEL EXPERTO
A18: Evaluación de las respuestas del agente
A21: Evidencia o referencia revisada
A25: 3 · CALIFICACIÓN DEL CASO (SELECCIONE DE 0 A 3 O N/E)
A26: Criterio | B26: Puntaje | C26: Para saber qué significa cada puntuación, consulte «Guía y rúbrica».
A27: Resolución del escenario | C27: {=IF(B27="","Esperando Puntación...",_xlfn.IFS(B27=0,'Guía y rúbrica'!B26,B27=1,'Guía y rúbrica'!C26,B27=2,'Guía y rúbrica'!D26,B27=3,'Guía y rúbrica'!E26,B27="N/E","No evaluable"))} -> Esperando Puntación...
A28: Exactitud normativa | C28: {=IF(B28="","Esperando Puntación...",_xlfn.IFS(B28=0,'Guía y rúbrica'!B27,B28=1,'Guía y rúbrica'!C27,B28=2,'Guía y rúbrica'!D27,B28=3,'Guía y rúbrica'!E27,B28="N/E","No evaluable"))} -> Esperando Puntación...
A29: Pertinencia y aplicabilidad | C29: {=IF(B29="","Esperando Puntación...",_xlfn.IFS(B29=0,'Guía y rúbrica'!B28,B29=1,'Guía y rúbrica'!C28,B29=2,'Guía y rúbrica'!D28,B29=3,'Guía y rúbrica'!E28,B29="N/E","No evaluable"))} -> Esperando Puntación...
A30: Sustento y trazabilidad | C30: {=IF(B30="","Esperando Puntación...",_xlfn.IFS(B30=0,'Guía y rúbrica'!B29,B30=1,'Guía y rúbrica'!C29,B30=2,'Guía y rúbrica'!D29,B30=3,'Guía y rúbrica'!E29,B30="N/E","No evaluable"))} -> Esperando Puntación...
A31: Continuidad y coherencia del flujo | C31: {=IF(B31="","Esperando Puntación...",_xlfn.IFS(B31=0,'Guía y rúbrica'!B30,B31=1,'Guía y rúbrica'!C30,B31=2,'Guía y rúbrica'!D30,B31=3,'Guía y rúbrica'!E30,B31="N/E","No evaluable"))} -> Esperando Puntación...
A32: Manejo de incertidumbre y límites | C32: {=IF(B32="","Esperando Puntación...",_xlfn.IFS(B32=0,'Guía y rúbrica'!B31,B32=1,'Guía y rúbrica'!C31,B32=2,'Guía y rúbrica'!D31,B32=3,'Guía y rúbrica'!E31,B32="N/E","No evaluable"))} -> Esperando Puntación...
A34: Puntos obtenidos | B34: =IF(COUNT(B27:B32)=0,"",SUM(B27:B32)) | C34: El porcentaje se calcula solo con criterios valorados (0–3). N/E queda excluido. Un puntaje alto no elimina un fallo normativo grave.
A35: Máximo aplicable | B35: =IF(COUNT(B27:B32)=0,"",3*COUNT(B27:B32))
A36: Porcentaje del caso | B36: =IF(OR(B35="",B35=0),"",B34/B35)
A38: Resultado del caso
A40: ¿Error normativo crítico?
A42: Observaciones / recomendaciones

Sheet CN-04
A1: CN-04 — Consulta con normativa modificada: acoso laboral
A3: AZUL = preparado por el equipo | AMARILLO = completa el experto | Puntuación automática
A5: 1 · CASO DE ESTUDIO
A7: Objetivo del caso | B7: Comprobar que el agente identifica y aplica correctamente disposiciones normativas que han sido modificadas o actualizadas, evitando fundamentar sus respuestas en requisitos desactualizados.
A8: Contexto del caso | B8: El administrador de una empresa con dos centros de trabajo desea conocer sus obligaciones frente a una queja por presunto acoso laboral. También tiene dudas sobre la conformación de los Comités de Convivencia Laboral y los plazos establecidos por la legislación.
A9: Perfil empresarial | B9: Empresa ficticia clasificada en riesgo I. Actividad económica: servicios administrativos. Número de trabajadores: 30
A12: Preguntas del EXPERTO dirigidas al sistema
A16: 2 · REGISTRO DEL EXPERTO
A18: Evaluación de las respuestas del agente
A21: Evidencia o referencia revisada
A25: 3 · CALIFICACIÓN DEL CASO (SELECCIONE DE 0 A 3 O N/E)
A26: Criterio | B26: Puntaje | C26: Para saber qué significa cada puntuación, consulte «Guía y rúbrica».
A27: Resolución del escenario | C27: {=IF(B27="","Esperando Puntación...",_xlfn.IFS(B27=0,'Guía y rúbrica'!B26,B27=1,'Guía y rúbrica'!C26,B27=2,'Guía y rúbrica'!D26,B27=3,'Guía y rúbrica'!E26,B27="N/E","No evaluable"))} -> Esperando Puntación...
A28: Exactitud normativa | C28: {=IF(B28="","Esperando Puntación...",_xlfn.IFS(B28=0,'Guía y rúbrica'!B27,B28=1,'Guía y rúbrica'!C27,B28=2,'Guía y rúbrica'!D27,B28=3,'Guía y rúbrica'!E27,B28="N/E","No evaluable"))} -> Esperando Puntación...
A29: Pertinencia y aplicabilidad | C29: {=IF(B29="","Esperando Puntación...",_xlfn.IFS(B29=0,'Guía y rúbrica'!B28,B29=1,'Guía y rúbrica'!C28,B29=2,'Guía y rúbrica'!D28,B29=3,'Guía y rúbrica'!E28,B29="N/E","No evaluable"))} -> Esperando Puntación...
A30: Sustento y trazabilidad | C30: {=IF(B30="","Esperando Puntación...",_xlfn.IFS(B30=0,'Guía y rúbrica'!B29,B30=1,'Guía y rúbrica'!C29,B30=2,'Guía y rúbrica'!D29,B30=3,'Guía y rúbrica'!E29,B30="N/E","No evaluable"))} -> Esperando Puntación...
A31: Continuidad y coherencia del flujo | C31: {=IF(B31="","Esperando Puntación...",_xlfn.IFS(B31=0,'Guía y rúbrica'!B30,B31=1,'Guía y rúbrica'!C30,B31=2,'Guía y rúbrica'!D30,B31=3,'Guía y rúbrica'!E30,B31="N/E","No evaluable"))} -> Esperando Puntación...
A32: Manejo de incertidumbre y límites | C32: {=IF(B32="","Esperando Puntación...",_xlfn.IFS(B32=0,'Guía y rúbrica'!B31,B32=1,'Guía y rúbrica'!C31,B32=2,'Guía y rúbrica'!D31,B32=3,'Guía y rúbrica'!E31,B32="N/E","No evaluable"))} -> Esperando Puntación...
A34: Puntos obtenidos | B34: =IF(COUNT(B27:B32)=0,"",SUM(B27:B32)) | C34: El porcentaje se calcula solo con criterios valorados (0–3). N/E queda excluido. Un puntaje alto no elimina un fallo normativo grave.
A35: Máximo aplicable | B35: =IF(COUNT(B27:B32)=0,"",3*COUNT(B27:B32))
A36: Porcentaje del caso | B36: =IF(OR(B35="",B35=0),"",B34/B35)
A38: Resultado del caso
A40: ¿Error normativo crítico?
A42: Observaciones / recomendaciones

Sheet Resumen
A1: RESUMEN DE VALIDACIÓN · MÓDULO 1 | CONSULTA NORMATIVA
A4: Lectura automática de las hojas de caso. Los campos vacíos significan que el experto aún no ha calificado.
A6: Caso | B6: Escenario | C6: Obtenido | D6: Máximo | E6: Porcentaje | F6: Resultado del caso | G6: Error crítico
A7: CN-01 | B7: Consulta normativa contextualizada | C7: =IF('CN-01'!B34="","",'CN-01'!B34) | D7: =IF('CN-01'!B35="","",'CN-01'!B35) | E7: =IF('CN-01'!B36="","",'CN-01'!B36) | F7: =IF('CN-01'!B38="","",'CN-01'!B38) | G7: =IF('CN-01'!B40="","",'CN-01'!B40)
A8: CN-02 | B8: Consulta con seguimiento | C8: =IF('CN-02'!B34="","",'CN-02'!B34) | D8: =IF('CN-02'!B35="","",'CN-02'!B35) | E8: =IF('CN-02'!B36="","",'CN-02'!B36) | F8: =IF('CN-02'!B38="","",'CN-02'!B38) | G8: =IF('CN-02'!B40="","",'CN-02'!B40)
A9: CN-03 | B9: Consulta con información insuficiente | C9: =IF('CN-03'!B34="","",'CN-03'!B34) | D9: =IF('CN-03'!B35="","",'CN-03'!B35) | E9: =IF('CN-03'!B36="","",'CN-03'!B36) | F9: =IF('CN-03'!B38="","",'CN-03'!B38) | G9: =IF('CN-03'!B40="","",'CN-03'!B40)
A10: CN-04 | B10: Consulta con normativa modificada | C10: =IF('CN-04'!B34="","",'CN-04'!B34) | D10: =IF('CN-04'!B35="","",'CN-04'!B35) | E10: =IF('CN-04'!B36="","",'CN-04'!B36) | F10: =IF('CN-04'!B38="","",'CN-04'!B38) | G10: =IF('CN-04'!B40="","",'CN-04'!B40)
